CREATE DATABASE  IF NOT EXISTS `musicsample` /*!40100 DEFAULT CHARACTER SET utf8mb4 COLLATE utf8mb4_unicode_ci */;
USE `musicsample`;
-- MySQL dump 10.13  Distrib 5.5.57, for debian-linux-gnu (x86_64)
--
-- Host: 127.0.0.1    Database: musicsample
-- ------------------------------------------------------
-- Server version   5.5.57-0ubuntu0.14.04.1

/*!40101 SET @OLD_CHARACTER_SET_CLIENT=@@CHARACTER_SET_CLIENT */;
/*!40101 SET @OLD_CHARACTER_SET_RESULTS=@@CHARACTER_SET_RESULTS */;
/*!40101 SET @OLD_COLLATION_CONNECTION=@@COLLATION_CONNECTION */;
/*!40101 SET NAMES utf8 */;
/*!40103 SET @OLD_TIME_ZONE=@@TIME_ZONE */;
/*!40103 SET TIME_ZONE='+00:00' */;
/*!40014 SET @OLD_UNIQUE_CHECKS=@@UNIQUE_CHECKS, UNIQUE_CHECKS=0 */;
/*!40014 SET @OLD_FOREIGN_KEY_CHECKS=@@FOREIGN_KEY_CHECKS, FOREIGN_KEY_CHECKS=0 */;
/*!40101 SET @OLD_SQL_MODE=@@SQL_MODE, SQL_MODE='NO_AUTO_VALUE_ON_ZERO' */;
/*!40111 SET @OLD_SQL_NOTES=@@SQL_NOTES, SQL_NOTES=0 */;

--
-- Table structure for table `album`
--

DROP TABLE IF EXISTS `album`;
/*!40101 SET @saved_cs_client     = @@character_set_client */;
/*!40101 SET character_set_client = utf8 */;
CREATE TABLE `album` (
  `id` int(11) NOT NULL AUTO_INCREMENT,
  `title` varchar(254) COLLATE utf8mb4_unicode_ci NOT NULL,
  `play_count` int(11) DEFAULT NULL,
  `listener_count` int(11) DEFAULT NULL,
  PRIMARY KEY (`id`)
) ENGINE=InnoDB AUTO_INCREMENT=106 DEFAULT CHARSET=utf8mb4 COLLATE=utf8mb4_unicode_ci;
/*!40101 SET character_set_client = @saved_cs_client */;

--
-- Dumping data for table `album`
--

LOCK TABLES `album` WRITE;
/*!40000 ALTER TABLE `album` DISABLE KEYS */;
INSERT INTO `album` VALUES (1,'Dua Lipa',993018,44387),(2,'Club Sounds, Vol. 82',NULL,NULL),(3,'1-800-273-8255',89476,24066),(4,'Look What You Made Me Do',1187962,91061),(5,'Sorry Not Sorry',781509,72361),(6,'Glorious (feat. Skylar Grey)',206690,50690),(7,'Now That\'s What I Call Music! 97',2452,61),(8,'Bodak Yellow',209732,37306),(9,'÷ (Deluxe)',5266939,209066),(10,'American Teen',1331373,101166),(11,'Thunder',402411,77458),(12,'17',788342,40457),(13,'Issa Album',510625,45517),(14,'Attention',689287,103792),(15,'AVĪCI (01) [Explicit]',284,75),(16,'The Dome Summer 2017',23,2),(17,'Sommerparty 2017',NULL,NULL),(18,'I Like Me Better',239152,56956),(19,'Congratulations',30299,7964),(20,'More Than You Know',410125,76281),(21,'Me Rehúso',227703,45236),(22,'DAMN.',10953957,238535),(23,'Beautiful Trauma',57466,3446),(24,'Illuminate (Deluxe)',2184536,163827),(25,'Feel It Still',384913,80524),(26,'2U (feat. Justin Bieber)',341401,70095),(27,'Now That\'s What I Call Music, Vol. 63',133,15),(28,'Too Much To Ask',74090,17315),(29,'Felices Los 4',230364,42323),(30,'Believer',668058,108848),(31,'Memories...Do Not Open',1416051,114706),(32,'Bailar Y Gozar',3,2),(33,'Your Song',407484,78886),(34,'Odisea',24601,3457),(35,'69 Hits Summer 2017, Vol. 2',NULL,NULL),(36,'Una Lady Como Tú',55683,14914),(37,'Stoney',821117,48510),(38,'Slow Hands',540294,73721),(39,'Questions',53672,17806),(40,'Despacito (Featuring Daddy Yankee)',353134,69134),(41,'Back from the Edge',923018,106026),(42,'Symphony (feat. Zara Larsson)',556706,90353),(43,'Love Yourself 承 \'Her\'',647679,12038),(44,'Gemini [Explicit]',219,60),(45,'Apérotubes été 2017',NULL,NULL),(46,'Rake It Up',47,28),(47,'FUTURE',1674880,126196),(48,'24K Magic',3241916,222998),(49,'No Promises (feat. Demi Lovato)',491583,80650),(50,'The RCA-List (Vol. 6)',9,7),(51,'\"Awaken, My Love!\"',2997687,166715),(52,'NOW That\'s What I Call Music! 95',5859,151),(53,'Culture [Explicit]',2337,263),(54,'Instruction [Explicit]',206,69),(55,'NRJ Beach Party 2017',5,3),(56,'MegaHits 2017 - Die Dritte [Explicit]',NULL,NULL),(57,'New Horizons Festival 2017',NULL,NULL),(58,'TrapxFicante',4601,1214),(59,'NOW That\'s What I Call Music! 96',4766,108),(60,'Witness',4259283,97967),(61,'White Iverson',399597,77046),(62,'Playboi Carti',978300,50489),(63,'Project Baby 2',147004,15203),(64,'More Life',5342239,177642),(65,'Now That\'s What I Call Music, Vol. 61',1284,147),(66,'Drowning (feat. Kodak Black)',94097,19961),(67,'#SantanaWorld',62531,7381),(68,'x',2690524,69513),(69,'Most Girls',223393,51016),(70,'Look at Me!',224763,31703),(71,'Malibu',779324,90309),(72,'Rockabye (feat. Sean Paul & Anne-Marie)',865471,131149),(73,'Plain Jane',7372,2283),(74,'Body Like A Back Road',171892,39296),(75,'Motivan2',116298,23701),(76,'Bad Liar',710837,88418),(77,'Perplexing Pegasus',60122,16914),(78,'Signs',200245,54428),(79,'Hip Hop Hit List',628,76),(80,'Paris',731234,118829),(81,'The Fate of the Furious: The Album',13874,977),(82,'Solo Dance',520820,99981),(83,'Nine Track Mind (Deluxe)',48838,4458),(84,'Sola (Remix) [feat. Daddy Yankee, Wisin, Farruko, Zion & Lennox]',56480,12795),(85,'iSpy (Feat. Lil Yachty)',184860,43198),(86,'Let Me Love You',14840,2698),(87,'Starving',653535,112418),(88,'Bad and Boujee (Feat. Lil Uzi Vert)',172991,41517),(89,'The Last Of The Real Ones',39027,11856),(90,'Now That\'s What I Call Music! 94',7360,184),(91,'Energía',462633,46912),(92,'538 Hitzone 80',625,25),(93,'Unforgettable',26516,10082),(94,'Now or Never',340692,62589),(95,'In the Lonely Hour',2997784,189315),(96,'Purpose (Deluxe)',8525849,332457),(97,'Gemini [Clean]',46,19),(98,'The Eminem Show',19414367,1100565),(99,'The Spectre',19764,6270),(100,'No Complaints',74402,17650),(101,'I Decided.',1097129,79970),(102,'Think Before I Talk',41112,12838),(103,'#Musicote Vol. 2',145,95),(104,'Hot Fuss',53554311,2703339),(105,'A Rush of Blood to the Head',50934755,2413426);
/*!40000 ALTER TABLE `album` ENABLE KEYS */;
UNLOCK TABLES;

--
-- Table structure for table `song`
--

DROP TABLE IF EXISTS `song`;
/*!40101 SET @saved_cs_client     = @@character_set_client */;
/*!40101 SET character_set_client = utf8 */;
CREATE TABLE `song` (
  `id` int(11) NOT NULL AUTO_INCREMENT,
  `title` varchar(254) COLLATE utf8mb4_unicode_ci NOT NULL,
  `duration` int(11) DEFAULT NULL,
  `stream_count` int(11) DEFAULT NULL,
  `listener_count` int(11) DEFAULT NULL,
  `play_count` int(11) DEFAULT NULL,
  `album_id` int(11) DEFAULT NULL,
  `artist_id` int(11) DEFAULT NULL,
  PRIMARY KEY (`id`),
  KEY `songs_album_id_6d9efc1e_fk_album_id` (`album_id`),
  KEY `songs_artist_id_e3ad08a5_fk_artist_id` (`artist_id`),
  CONSTRAINT `songs_artist_id_e3ad08a5_fk_artist_id` FOREIGN KEY (`artist_id`) REFERENCES `artist` (`id`),
  CONSTRAINT `songs_album_id_6d9efc1e_fk_album_id` FOREIGN KEY (`album_id`) REFERENCES `album` (`id`)
) ENGINE=InnoDB AUTO_INCREMENT=201 DEFAULT CHARSET=utf8mb4 COLLATE=utf8mb4_unicode_ci;
/*!40101 SET character_set_client = @saved_cs_client */;

--
-- Dumping data for table `song`
--

LOCK TABLES `song` WRITE;
/*!40000 ALTER TABLE `song` DISABLE KEYS */;
INSERT INTO `song` VALUES (1,'rockstar',0,6716221,31538,158234,NULL,1),(2,'Too Good At Goodbyes',201000,3699070,48407,215041,NULL,2),(3,'New Rules',212000,3690442,104588,1210119,1,3),(4,'Mi Gente',189000,3676837,75259,393718,NULL,4),(5,'1-800-273-8255',250000,3309270,72362,383797,3,5),(6,'Dusk Till Dawn - Radio Edit',0,3285144,34742,199512,NULL,6),(7,'Havana',216000,3137471,57312,748798,NULL,7),(8,'Look What You Made Me Do',212000,2975015,105013,1752524,4,8),(9,'Silence',180000,2924730,47000,177063,NULL,9),(10,'What Lovers Do (feat. SZA)',0,2830831,42947,152494,NULL,10),(11,'Unforgettable',0,2691228,100926,615316,NULL,11),(12,'Friends (with BloodPop®)',0,2587273,54293,279426,NULL,12),(13,'Sorry Not Sorry',203000,2581492,79024,973013,5,13),(14,'Glorious (feat. Skylar Grey)',222000,2558387,56405,237425,6,14),(15,'Feels',223000,2341104,109783,700462,7,15),(16,'Bodak Yellow',224000,2245154,40969,251533,8,16),(17,'Shape of You',234000,2222119,274395,3067226,9,17),(18,'Young Dumb & Broke',202000,2212225,52626,234052,10,18),(19,'Thunder',187000,2208243,136046,1001388,11,19),(20,'Jocelyn Flores',119000,2174259,35147,191245,12,20),(21,'XO TOUR Llif3',0,2068293,92869,820006,NULL,21),(22,'Bank Account',220000,2025096,41124,188155,13,22),(23,'Attention',211000,2008957,115386,876294,14,23),(24,'Back to You (feat. Bebe Rexha & Digital Farm Animals)',0,1983867,55459,449781,NULL,24),(25,'Without You (feat. Sandro Cavazza)',0,1925389,43425,169891,15,25),(26,'Perfect',263000,1883349,89969,499745,9,17),(27,'Strip That Down',184000,1863564,85499,645565,16,26),(28,'Wild Thoughts',204000,1774104,97983,629018,NULL,27),(29,'I Like Me Better',197000,1771465,59333,254624,18,28),(30,'Congratulations',220000,1763783,85633,530723,19,1),(31,'Despacito - Remix',0,1749861,128309,968747,NULL,29),(32,'More Than You Know',202000,1731497,76388,392199,20,30),(33,'Me Rehúso',205000,1689273,46657,240436,21,31),(34,'HUMBLE.',177000,1683176,214250,2026426,22,32),(35,'What About Us',271000,1664072,51499,315212,23,33),(36,'Mama',184000,1609861,77734,378120,16,34),(37,'There\'s Nothing Holdin\' Me Back',199000,1595173,106620,789313,24,35),(38,'Feel It Still',163000,1580251,116135,679297,25,36),(39,'Lonely Together (feat. Rita Ora)',NULL,1544620,NULL,NULL,NULL,25),(40,'2U (feat. Justin Bieber)',195000,1510305,69527,352611,26,37),(41,'I\'m the One',289000,1411394,108079,620667,27,27),(42,'...Ready For It?',NULL,1396997,NULL,NULL,NULL,8),(43,'Let Me Go (with Alesso, Florida Georgia Line & watt)',NULL,1394220,NULL,NULL,NULL,38),(44,'Too Much To Ask',223000,1377273,18794,86454,28,39),(45,'Felices los 4',230000,1374585,44927,262156,29,40),(46,'Believer',203000,1366819,161117,1250306,30,19),(47,'The Way Life Goes',NULL,1350023,NULL,NULL,NULL,21),(48,'Something Just Like This',247000,1317341,145265,1040418,31,41),(49,'Mayores',NULL,1310617,NULL,NULL,NULL,42),(50,'Bonita',266000,1282083,16247,57904,32,4),(51,'Swalla (feat. Nicki Minaj & Ty Dolla $ign)',NULL,1171581,NULL,NULL,NULL,43),(52,'Your Song',178000,1129516,84830,510900,33,44),(53,'Homemade Dynamite (Feat. Khalid, Post Malone & SZA) - REMIX',NULL,1100859,NULL,NULL,NULL,45),(54,'Se Preparó',188000,1090359,3196,10189,34,46),(55,'Reggaetón Lento (Remix) [CNCO & Little Mix]',NULL,1082560,NULL,NULL,NULL,47),(56,'Butterfly Effect',NULL,1082478,NULL,NULL,NULL,48),(57,'Escápate Conmigo',233000,1062640,24206,98471,NULL,49),(58,'Fuck Love (feat. Trippie Redd)',NULL,1052337,NULL,NULL,NULL,20),(59,'Location',NULL,1046994,NULL,NULL,NULL,18),(60,'Báilame - Remix',NULL,1042549,NULL,NULL,NULL,50),(61,'Una Lady Como Tú',213000,1039095,15096,56813,36,51),(62,'I Fall Apart',223000,1037504,22185,127996,37,1),(63,'Stargazing',NULL,1030809,NULL,NULL,NULL,52),(64,'Slow Hands',188000,1027814,80769,734255,38,39),(65,'Questions',129000,1025403,19243,63972,39,53),(66,'Despacito (Featuring Daddy Yankee)',0,1003322,68190,350131,40,29),(67,'I Get The Bag (feat. Migos)',NULL,998824,NULL,NULL,NULL,54),(68,'There for You',NULL,998519,NULL,NULL,NULL,55),(69,'goosebumps',NULL,998177,NULL,NULL,NULL,48),(70,'Rich Love (with Seeb)',NULL,989539,NULL,NULL,NULL,56),(71,'Robarte un Beso',NULL,984635,NULL,NULL,NULL,57),(72,'Say You Won\'t Let Go',211000,932629,140727,1028420,41,58),(73,'Symphony (feat. Zara Larsson)',212000,920616,85368,571631,42,59),(74,'Meant to Be',NULL,918150,NULL,NULL,NULL,60),(75,'Pretty Girl - Cheat Codes X CADE Remix',NULL,916132,NULL,NULL,NULL,61),(76,'Would You Ever',NULL,914776,NULL,NULL,NULL,62),(77,'DNA',223000,903954,10724,198536,43,63),(78,'It Ain\'t Me (with Selena Gomez)',NULL,886139,NULL,NULL,NULL,52),(79,'Roll In Peace (feat. XXXTENTACION)',NULL,873652,NULL,NULL,NULL,64),(80,'Good Old Days (feat. Kesha)',0,869056,11984,38595,44,14),(81,'A Different Way (Feat. Lauv)',NULL,867872,NULL,NULL,NULL,65),(82,'Ahora Dice',271000,867708,16495,72600,NULL,66),(83,'Rake It Up',276000,863275,14411,59379,46,67),(84,'Mask Off',204000,855804,119562,820610,47,68),(85,'That\'s What I Like',206000,849038,133691,890227,48,69),(86,'No Promises (feat. Demi Lovato)',224000,845982,86268,566714,49,70),(87,'Criminal',NULL,844488,NULL,NULL,NULL,71),(88,'Que Va',NULL,839596,NULL,NULL,NULL,72),(89,'Love Galore',275000,832046,55876,351920,50,73),(90,'Gucci Gang',NULL,817328,NULL,NULL,NULL,74),(91,'Go Flex',180000,816146,46799,308696,37,1),(92,'Redbone',327000,814014,170287,1247600,51,75),(93,'Tú Foto',NULL,809293,NULL,NULL,NULL,46),(94,'Stay (with Alessia Cara)',NULL,791104,NULL,NULL,NULL,76),(95,'DNA.',185000,783889,171423,1444535,22,32),(96,'Galway Girl',170000,783151,133874,996302,9,17),(97,'Everybody Dies In Their Nightmares',96000,780053,17476,95439,12,20),(98,'If I\'m Lucky',NULL,771766,NULL,NULL,NULL,43),(99,'Closer',249000,763643,206271,1774266,52,41),(100,'Slippery (feat. Gucci Mane)',304000,758685,43409,219870,53,77),(101,'I Don’t Wanna Live Forever (Fifty Shades Darker) - From \"Fifty Shades Darker (Original Motion Picture Soundtrack)\"',NULL,758041,NULL,NULL,NULL,6),(102,'Instruction (feat. Demi Lovato & Stefflon Don)',167000,745889,32143,194501,54,78),(103,'OMG',NULL,737814,NULL,NULL,NULL,7),(104,'Know No Better (feat. Quavo)',226000,736857,55424,239407,55,79),(105,'Fetish (feat. Gucci Mane)',0,730940,65288,823774,NULL,80),(106,'Hey DJ',208000,727234,15801,68471,NULL,47),(107,'OK',189000,724332,44333,207088,NULL,81),(108,'Krippy Kush',231000,715795,3562,12167,58,82),(109,'Issues',176000,710525,115931,816642,59,83),(110,'Swish Swish',243000,704663,83906,978405,60,84),(111,'Bad At Love',NULL,699974,NULL,NULL,NULL,85),(112,'White Iverson',255000,697283,113351,723442,61,1),(113,'Suena El Dembow',NULL,696868,NULL,NULL,NULL,86),(114,'Magnolia',182000,693337,44112,304588,62,87),(115,'El Farsante',233000,685934,2128,8601,34,46),(116,'Explícale',NULL,684546,NULL,NULL,NULL,88),(117,'Transportin\'',170000,683976,6424,24332,63,64),(118,'Passionfruit',299000,683958,138636,1288726,64,89),(119,'Praying',NULL,679749,NULL,NULL,NULL,90),(120,'Bella y Sensual',NULL,674165,NULL,NULL,NULL,91),(121,'Starboy',230000,673716,238124,2172807,65,92),(122,'Drowning (feat. Kodak Black)',209000,673673,21294,102323,66,93),(123,'The Race',104000,665033,7584,38660,67,94),(124,'One Dance',174000,657999,263341,2247023,52,89),(125,'Photograph',222000,650149,350991,2966318,68,17),(126,'Most Girls',204000,646764,55559,271778,69,38),(127,'Scared to Be Lonely',223000,633413,113828,699507,59,55),(128,'Super Far',NULL,632285,NULL,NULL,NULL,95),(129,'Thinking Out Loud',281000,630141,458596,4432514,68,17),(130,'Look At Me!',126000,627855,43443,330002,70,20),(131,'I Feel It Coming',269000,625850,172616,1364526,59,92),(132,'Malibu',232000,624700,104021,1065607,71,96),(133,'Sign of the Times',NULL,624511,NULL,NULL,NULL,97),(134,'LOYALTY. FEAT. RIHANNA.',NULL,622577,NULL,NULL,NULL,32),(135,'Rockabye (feat. Sean Paul & Anne-Marie)',251000,620597,141804,1018691,72,59),(136,'Slide',231000,613738,133253,936831,59,15),(137,'Curve (feat. The Weeknd)',NULL,613303,NULL,NULL,NULL,54),(138,'Plain Jane',173000,607722,11907,46627,73,98),(139,'Body Like A Back Road',165000,602688,42599,206753,74,99),(140,'Loco Enamorado',NULL,600651,NULL,NULL,NULL,100),(141,'Otra Vez (feat. J Balvin)',209000,595982,30025,151727,75,101),(142,'LOVE. FEAT. ZACARI.',NULL,592038,NULL,NULL,NULL,32),(143,'Bad Liar',214000,591605,98537,963190,76,80),(144,'Perplexing Pegasus',205000,590881,18141,67560,77,102),(145,'Signs',234000,589122,58180,234238,78,89),(146,'Crying in the Club',NULL,588096,NULL,NULL,NULL,7),(147,'do re mi (feat. Gucci Mane)',NULL,587624,NULL,NULL,NULL,103),(148,'It\'s A Vibe',210000,583405,29311,117696,79,104),(149,'Paris',221000,574221,143064,1007392,80,41),(150,'3 A.M.',NULL,572869,NULL,NULL,NULL,105),(151,'Castle on the Hill',NULL,571380,NULL,NULL,NULL,17),(152,'Relationship (feat. Future)',NULL,569583,NULL,NULL,NULL,106),(153,'Candy Paint',229000,562797,13220,62354,81,1),(154,'Solo Dance',174000,562692,105792,631728,82,107),(155,'We Don\'t Talk Anymore (feat. Selena Gomez)',218000,560335,150769,1038093,83,23),(156,'Ahora Me Llama',NULL,558142,NULL,NULL,NULL,108),(157,'First Time',194000,557810,81834,366602,16,52),(158,'Sauce It Up',NULL,554955,NULL,NULL,NULL,21),(159,'Sola (Remix) [feat. Daddy Yankee, Wisin, Farruko, Zion & Lennox]',0,551629,12835,56675,84,109),(160,'Si Tú La Ves',NULL,548840,NULL,NULL,NULL,110),(161,'iSpy (feat. Lil Yachty)',253000,546906,37262,160925,85,111),(162,'Let Me Love You',205000,545878,176398,1274729,86,65),(163,'Treat You Better',187000,543122,171280,1369945,24,35),(164,'Starving',181000,542977,123909,776494,87,38),(165,'La Rompe Corazones',NULL,539841,NULL,NULL,NULL,112),(166,'Bad and Boujee (feat. Lil Uzi Vert)',343000,535520,82770,442475,88,77),(167,'Me Llamas (feat. Maluma) - Remix',NULL,527306,NULL,NULL,NULL,113),(168,'Happier',206000,522990,82227,411720,9,17),(169,'The Last Of The Real Ones',230000,521729,12674,45130,89,114),(170,'Don\'t Let Me Down',208000,520942,208442,1554856,90,41),(171,'Sigo Extrañándote',201000,519497,17823,90083,91,4),(172,'wokeuplikethis*',236000,518392,17241,76478,79,87),(173,'Chantaje',195000,517286,87231,671337,92,115),(174,'Rain',NULL,515276,NULL,NULL,NULL,116),(175,'Unforgettable',157000,515032,12371,37589,93,117),(176,'I Just Can\'t',NULL,512917,NULL,NULL,NULL,118),(177,'Now Or Never',215000,512632,97798,740360,94,85),(178,'Me Enamoré',NULL,511589,NULL,NULL,NULL,115),(179,'Revenge',NULL,505504,NULL,NULL,NULL,20),(180,'Stay With Me',172000,503028,453435,4010059,95,2),(181,'Get Low (with Liam Payne)',NULL,501774,NULL,NULL,NULL,76),(182,'Como Antes',NULL,499943,NULL,NULL,NULL,88),(183,'Love Yourself',233000,498114,250499,2303835,96,12),(184,'Sua Cara (feat. Anitta & Pabllo Vittar)',NULL,497954,NULL,NULL,NULL,79),(185,'Call On Me - Ryan Riback Extended Remix',NULL,497408,NULL,NULL,NULL,119),(186,'Came Here for Love',202000,497246,41218,148200,NULL,120),(187,'Marmalade (feat. Lil Yachty)',264000,493460,18295,53060,97,14),(188,'\'Till I Collapse',297000,487872,356023,1970547,98,121),(189,'The Spectre',193000,487718,6689,21383,99,122),(190,'No Complaints',262000,485759,17578,73797,100,123),(191,'Bounce Back',222000,485461,74964,431544,101,124),(192,'Mercy',208000,485225,115455,780238,24,35),(193,'Think Before I Talk',185000,484533,13369,44776,102,125),(194,'Summer Air',183000,484442,34564,140265,103,126),(195,'Complicated (feat. Kiiara)',NULL,484101,NULL,NULL,NULL,127),(196,'Mr. Brightside',222000,482651,1866557,16559880,104,128),(197,'24K Magic',226000,482003,176354,1199138,48,69),(198,'Side To Side',NULL,481085,NULL,NULL,NULL,129),(199,'Lose Yourself - Soundtrack Version',NULL,480196,NULL,NULL,NULL,121),(200,'The Scientist',309000,478685,1534007,13411737,105,130);
/*!40000 ALTER TABLE `song` ENABLE KEYS */;
UNLOCK TABLES;

--
-- Table structure for table `artist`
--

DROP TABLE IF EXISTS `artist`;
/*!40101 SET @saved_cs_client     = @@character_set_client */;
/*!40101 SET character_set_client = utf8 */;
CREATE TABLE `artist` (
  `id` int(11) NOT NULL AUTO_INCREMENT,
  `name` varchar(254) COLLATE utf8mb4_unicode_ci NOT NULL,
  `gender` varchar(7) COLLATE utf8mb4_unicode_ci NOT NULL,
  `disambiguation` varchar(64) COLLATE utf8mb4_unicode_ci NOT NULL,
  `bio` longtext COLLATE utf8mb4_unicode_ci NOT NULL,
  `area` varchar(64) COLLATE utf8mb4_unicode_ci NOT NULL,
  `play_count` int(11) DEFAULT NULL,
  `listener_count` int(11) DEFAULT NULL,
  PRIMARY KEY (`id`)
) ENGINE=InnoDB AUTO_INCREMENT=131 DEFAULT CHARSET=utf8mb4 COLLATE=utf8mb4_unicode_ci;
/*!40101 SET character_set_client = @saved_cs_client */;

--
-- Dumping data for table `artist`
--

LOCK TABLES `artist` WRITE;
/*!40000 ALTER TABLE `artist` DISABLE KEYS */;
INSERT INTO `artist` VALUES (1,'Post Malone','male','','Post Malone is a rapper and singer from Dallas. He first gained popularity after linking up with production duo FKi, creating several successful collaborations such as \"White Iverson\", \"Too Young\" and \"Tear$\".  <a href=\"https://www.last.fm/music/Post+Malone\">Read more on Last.fm</a>','Dallas',3606221,206554),(2,'Sam Smith','male','guitar, vocals, producer - Casual Sex','Sam Smith (born Samuel Frederick Smith, May 19, 1992 in London) is a singer/songwriter. While his early career was geared up towards musical theatre, it was dance music that kicked it off.\n\nIn October 2012, Sam Smith featured on Disclosure’s single Latch, which peaked at number 11 on the UK Singles Chart. In February 2013 he released his début single Lay Me Down. In May 2013, he featured on Naughty Boy’s single La La La, which entered at number one on the UK Singles Chart. <a href=\"https://www.last.fm/music/Sam+Smith\">Read more on Last.fm</a>','United Kingdom',20237738,768453),(3,'Dua Lipa','female','','Dua Lipa was born in London on 22 August 1995. Her first name \"Dua\" is an Albanian word which means \"love\" or \"want\". Her parents, who are ethnic Albanians from Kosovo, had left Prishtina in the 1990s. Among the schools she attended was the Sylvia Young Theatre School. She moved with her family to Kosovo in 2008, the year the country declared its independence from Serbia. At the age of 15, she moved back to London and lived with friends, because she wanted to build a career in music. <a href=\"https://www.last.fm/music/Dua+Lipa\">Read more on Last.fm</a>','United Kingdom',8515181,246940),(4,'J Balvin','male','Colombian reggaeton singer','Jose Alvaro Osorio Balvin known artistically as J Balvin, is a Colombian reggaeton recording artist. Balvin was born in Medellín, the largest district of Antioquia, where he became interested in music at a young age. <a href=\"https://www.last.fm/music/J+Balvin\">Read more on Last.fm</a>','Colombia',2452990,192662),(5,'Logic','','Irish','There are at least 30 artists with this name:\n\n1. A rapper from the United States\n2. A rapper from the United Kingdom\n3. A collaboration between Eddie Maduro, Roger Sanchez, Vivian Sessoms and Wayne Gardiner\n4. An electronic/video game musician\n5. A rapper from Czech republic (Hráč roku), member of YZO EMPIRE.\nand many more\n\n1. Logic, born Sir Bryson Hall II, is a rapper from Maryland. Logic is currently signed to Visionary Music Group and Def Jam Recordings. <a href=\"https://www.last.fm/music/Logic\">Read more on Last.fm</a>','',6473757,237817),(6,'ZAYN','male','','There are two artists with this name:\n\n1. ZAYN (born Zain Javadd Malik; January 12, 1993 in Bradford, England, United Kingdom), also known as Zayn Malik, is an English singer and songwriter and a former member of the boy band One Direction. In 2010, Malik auditioned as a solo artist for the British television series The X Factor. After being eliminated as a solo performer, Malik was brought back into the competition, along with four other contestants, to form the group that would later become known as One Direction.  <a href=\"https://www.last.fm/music/Zayn\">Read more on Last.fm</a>','United Kingdom',8275366,314906),(7,'Camila Cabello','female','','Karla Camila Cabello (born in Cuba on March 3, 1997), is a Cuban-born American singer and songwriter.\n\nCabello was a member of the American girl group, Fifth Harmony, but left the group in December 19, 2016.\n\nIn May 2017, Cabello released \"Crying in the Club\" as the lead single from her forthcoming debut solo album \"The Hurting. The Healing. The Loving.\" <a href=\"https://www.last.fm/music/Camila+Cabello\">Read more on Last.fm</a>','United States',2613534,107612),(8,'Taylor Swift','female','','Taylor Swift (born December 13, 1989 in Wyomissing, Pennsylvania) is an American pop singer-songwriter and actress. Swift is a 10-time Grammy winner with a total of 23 nominations (Feb 2016). \n\nIn 2006, she released her debut single \"Tim McGraw\", then her self-titled debut album, which was subsequently certified multi-platinum by the Recording Industry Association of America.\n\nIn November 2008, Swift released her second album, Fearless, which featured a number of more pop oriented songs such as \"You Belong With Me\" and \"Love Story\". <a href=\"https://www.last.fm/music/Taylor+Swift\">Read more on Last.fm</a>','United States',130067018,2018175),(9,'Marshmello','male','','Marshmello is a trap producer and DJ who debuted on Monstercat with his song \"Alone\", which appeared on Monstercat 027 - Cataclysm.\n\nIn June 2016, it was announced that there would be a remix contest for Alone, and that the winner would have their remix released by Monstercat.\n\nOn July the 8th, it was announced that future house duo MRVLZ had won the contest. It is currently unknown when this remix will be released. <a href=\"https://www.last.fm/music/Marshmello\">Read more on Last.fm</a>','United States',1165765,129258),(10,'Maroon 5','','','Maroon 5 is an American pop rock band that originated in Los Angeles, California, United States. The group was formed in 1994 as Kara\'s Flowers while its members were still in high school and originally consisted of Adam Levine (lead vocals, guitar), Jesse Carmichael (guitar, backing vocals) Mickey Madden (bass guitar) and Ryan Dusick (drums). Kara\'s Flowers signed to Reprise Records and released an album, \"The Fourth World\", in 1997. After a tepid response to the album <a href=\"https://www.last.fm/music/Maroon+5\">Read more on Last.fm</a>','United States',108856479,3332069),(11,'French Montana','male','','French Montana (born November 9, 1984) is an American rapper and singer of Moroccan descent. He is the founder and CEO of Cocaine City Records. In 2012, he signed a joint venture recording deal with Maybach Music Group and Bad Boy Records. Montana is known for his frequent collaborations with Max B, and more recently with Rick Ross along with his group Coke Boys, which consists of rappers Chinx Drugz, Cheeze and Flip.\n\nFrench Montana was born Karim Kharbouch in 1984 in Rabat, Morocco, where he lived for the first 13 years of his life. <a href=\"https://www.last.fm/music/French+Montana\">Read more on Last.fm</a>','The Bronx',4679266,496705),(12,'Justin Bieber','male','','Justin Drew Bieber (born March 1, 1994) is a Canadian pop musician, actor, and singer-songwriter. Bieber was discovered in 2008 by American talent manager Scooter Braun, who came across Bieber\'s videos on YouTube and later became his manager. Braun arranged for him to meet with entertainer Usher Raymond in Atlanta, Georgia. Bieber was signed to Raymond Braun Media Group (RBMG), and then to an Island Records recording contract offered by record executive L.A. Reid. <a href=\"https://www.last.fm/music/Justin+Bieber\">Read more on Last.fm</a>','Canada',48159971,1481706),(13,'Demi Lovato','female','','Demi Lovato (born Demetria Devonne Lovato; August 20, 1992 in Albuquerque, New Mexico, United States) is an American singer, songwriter, philanthropist, and actress. In 2002, she made her debut as child actress in Barney & Friends. In 2008, she came to prominence as a starring cast member in the television film Camp Rock. She signed to Hollywood Records the same year, and released her debut studio album, Don\'t Forget, in September 2008. The album sold 89 <a href=\"https://www.last.fm/music/Demi+Lovato\">Read more on Last.fm</a>','United States',46886281,1148638),(14,'Macklemore','male','','Ben Haggerty, also know as Macklemore is an emcee from Seattle, Washington that often shows up the larger acts he opens for in the city. At his own shows he keeps the audience going, no matter how small the crowd.\n\nOn his debut album, The Language of My World, Macklemore drafts a lyrical landscape of classic proportions. This record is teeming with energy and ambition, serving as a fitting debut for one of this country\'s most promising young artists. <a href=\"https://www.last.fm/music/Macklemore\">Read more on Last.fm</a>','United States',4453127,329596),(15,'Calvin Harris','male','American soul singer','Calvin Harris (born Adam Richard Wiles; January 17,  1984 in Dumfries, Scotland), is a Scottish singer, songwriter and record producer. He was born and grew up in Dumfries, Scotland. His interest in electronic music surfaced in his early teenage years, producing his first bedroom demo by the age of 15. \n\nHis first album I Created Disco was released on 18 June 2007. The album contained up-tempo electroclash songs that were influenced by music from the 1980s. <a href=\"https://www.last.fm/music/Calvin+Harris\">Read more on Last.fm</a>','United States',63961834,2005756),(16,'Cardi B','female','','Cardi B (born Belcalis Almanzar on 11 October 1992) is an American hip-hop recording artist, as well as a television and social media personality. Born and raised in the Bronx borough of New York City, she first received public attention through Instagram and became an internet celebrity. She continued to gain more recognition in 2015, after becoming a regular cast member of the VH1 reality television series Love & Hip Hop: New York. In February 2017, Cardi B signed her first solo record deal with Atlantic Records. <a href=\"https://www.last.fm/music/Cardi+B\">Read more on Last.fm</a>','United States',370206,46625),(17,'Ed Sheeran','male','famous UK singer-songwriter','Edward Christopher \"Ed\" Sheeran (born 17 February 1991) is a singer songwriter currently signed under Atlantic (WMG). Sheeran was born in Halifax, West Yorkshire before moving to Framlingham, Suffolk. In his time in Suffolk, he was known to have flourished as a hidden talent when it came to music. He learned guitar at a very young age, and began writing songs during his time at Thomas Mills High School in Framlingham. By the time Sheeran had left school <a href=\"https://www.last.fm/music/Ed+Sheeran\">Read more on Last.fm</a>','United Kingdom',71798333,1427167),(18,'Khalid','male','hip-hop artist, Wu-Tang Clan associate/feature','Khalid is American singer/songwriter from El Paso, Texas. He burst onto the music scene with his first single \"Location\", which received great critical acclaim and praised for his soulful, gentle and mellifluous voice perfectly suitable for retro soul. Started when only 18, fresh from the halls of high school, his music is full of youthful innocence and poetic passion. Khalid released his debut album American Teen on March 3, 2017 via Right Hand Music Group/RCA Records, including previously released singles. <a href=\"https://www.last.fm/music/Khalid\">Read more on Last.fm</a>','',1772590,143021),(19,'Imagine Dragons','','','Imagine Dragons is a Grammy award-winning alternative rock band which formed in 2008 in Las Vegas, Nevada, United States. The band consists of Dan Reynolds (vocals), Wayne Sermon (guitar), Ben McKee (bass) and Daniel Platzman (drums). The band released four EPs - \"Imagine Dragons\" (2009), \"Hell and Silence\" (2010), \"It\'s Time\" (2011) and \"Continued Silence\" (2012) - before releasing their debut full length album \"Night Visions\" on 4 September 2012. <a href=\"https://www.last.fm/music/Imagine+Dragons\">Read more on Last.fm</a>','United States',63690241,1457345),(20,'XXXTENTACION','male','','Jahseh Dwayne Onfroy (born January 23, 1998), better known by his stage name XXXTentacion, is an American rapper from Lauderhill, Florida. Onfroy is known for his versatility with his music, which ranges from aggressive, punk rock-inspired hip hop, to somber and slower R&B style songs, to even heavy metal. His music is known for the lofi sound quality of his vocals and songs, which normally are distorted and unmastered. His vocal style ranges from singing, rapping, and screaming. <a href=\"https://www.last.fm/music/xxxtentacion\">Read more on Last.fm</a>','',2313766,83712),(21,'Lil Uzi Vert','male','','Symere Woods (born July 31, 1994), better known by his stage name Lil Uzi Vert, is an American hip hop recording artist. Based in Philadelphia, he gained recognition after releasing his debut single, \"Money Longer\", and several mixtapes, including Luv Is Rage, Lil Uzi Vert vs. the World, and The Perfect Luv Tape. Lil Uzi Vert has also collaborated with Migos on \"Bad and Boujee\", which became Lil Uzi Vert\'s first US Billboard Hot 100 number-one single. <a href=\"https://www.last.fm/music/LIL+UZI+VERT\">Read more on Last.fm</a>','',3491395,145630),(22,'21 Savage','male','','Shayaa Joseph (born 22nd October, 1992)[1], better known by his stage name 21 Savage, is an American rapper from Atlanta, Georgia.\nHe is notable for being a 2016 XXL freshman and creating numerous projects with Metro Boomin; one of these was titled Savage Mode, and was released on 17th July  2016. \nHis most recent release, Issa Album, was released on 7th July 2017 <a href=\"https://www.last.fm/music/21+Savage\">Read more on Last.fm</a>','United States',1612706,90110),(23,'Charlie Puth','male','','Charlie Puth (born Charles Otto Puth, Jr., December 2, 1991 in Rumson, New Jersey, United States) is a American pop singer from New Jersey who gained his fame through YouTube. He is best known for his 2015 debut single \"Marvin Gaye\", which features vocals from Meghan Trainor. He is also known for singing on Wiz Khalifa\'s \"See You Again\" taken from the \"Furious 7\" soundtrack. The single became a huge international success, reaching number one in Australia <a href=\"https://www.last.fm/music/Charlie+Puth\">Read more on Last.fm</a>','United States',4686277,331406),(24,'Louis Tomlinson','male','','Louis William Tomlinson, born 24 December 1991, is from Doncaster, South Yorkshire, England and is a member of English-Irish four-piece boyband One Direction. Tomlinson first started performing as a sixth form student in his school\'s musical productions. He starred as Danny Zuko in an adaptation of the Grease musical. In 2010 he auditioned as a solo artist for the British TV show The X Factor. He got accepted to  boot camp, but failed to advance further. <a href=\"https://www.last.fm/music/Louis+Tomlinson\">Read more on Last.fm</a>','United Kingdom',615324,70440),(25,'Avicii','male','','Tim Bergling (born 8 September 1989 in Stockholm, Sweden), better known by his stage name Avicii, is a Swedish DJ, remixer, record producer. Avicii was ranked 3rd on DJ Magazine‍‍ \'​‍s annual Top 100 DJs in 2012 and 2013 and has been nominated twice for a Grammy Award, once for his work on \"Sunshine\" with David Guetta in 2012 and once for his song \"Levels\" (which sampled the 1962 Etta James track \"Something\'s Got a Hold on Me\") in 2013. Some of his most famous songs are \"I Could Be the One\" with Nicky Romero <a href=\"https://www.last.fm/music/Avicii\">Read more on Last.fm</a>','Sweden',37523796,1408254),(26,'Liam Payne','male','','Liam James Payne, born 29 August 1993 (age 24), is from Wolverhampton, West Midlands, England and is a member of English-Irish five-piece boyband One Direction. The talented teen earned a standing ovation from the crowd and all the judges on The X Factor, saying afterwards: “To get that reaction was just amazing.  To have Simon stand up for me was amazing”. Cheryl praised his performance telling Liam: “You’ve definitely got it... I thought your voice was very powerful. <a href=\"https://www.last.fm/music/Liam+Payne\">Read more on Last.fm</a>','United Kingdom',824126,96896),(27,'DJ Khaled','male','Palestinian-American hip hop DJ & producer','Khaled Khaled (born November 26, 1975 in New Orleans, Louisiana), better known by his stage name DJ Khaled, is a Palestinian-American DJ, producer, President of Def Jam South and radio personality for the Miami-based urban music radio station WEDR. He is also the official DJ of the hip hop group Terror Squad. In 2006 he released his debut solo album, Listennn... The Album, and has since relased 2007\'s We The Best, 2008\'s We Global  2010\'s Victory and 2011\'s We The Best Forever. <a href=\"https://www.last.fm/music/DJ+Khaled\">Read more on Last.fm</a>','United States',10018361,1030718),(28,'Lauv','','','Ari Staprans Leff (born August 8, 1994), known by his stage name Lauv, is an American musician. His debut EP titled Lost in the Light was released in 2015. He is best known for his 2017 single, I Like Me Better & The Other which charted at #17 in Billboard\'s Spotify Velocity. <a href=\"https://www.last.fm/music/Lauv\">Read more on Last.fm</a>','',822769,119865),(29,'Luis Fonsi','male','','Luis Alfonso Rodríguez López-Cepero, more commonly known as Luis Fonsi, (born April 15, 1978 in San Juan, Puerto Rico) is a Latin Grammy winning Puerto Rican singer, composer and soap opera actor.\n\nFonsi and his family moved to Orlando, Florida, during Fonsi\'s early childhood. Fonsi\'s childhood was relatively average for kids his age, beginning to dream about becoming a member of Menudo, arguably Latin America\'s most famous boy band in history, around the time he was ten years old. <a href=\"https://www.last.fm/music/Luis+Fonsi\">Read more on Last.fm</a>','Puerto Rico',3826106,355926),(30,'Axwell /\\ Ingrosso','','','Swedish House Mafia was a Swedish electronic dance music trio consisting of disc jockeys and producers: Axwell, Steve Angello, and Sebastian Ingrosso. The group officially formed in late 2008. The supergroup placed at number ten on the DJ Magazine Top 100 DJ Poll 2011 and have been called \"the faces of mainstream progressive house music.\" In the DJ Magazine Top 100 Poll 2012 they were ranked at number twelve. On 24 June 2012, the group announced via their website that they would split up after embarking on \"One Last Tour <a href=\"https://www.last.fm/music/Axwell+%2F%5C+Ingrosso\">Read more on Last.fm</a>','',1023246,141509),(31,'Danny Ocean','','','<a href=\"https://www.last.fm/music/Danny+Ocean\">Read more on Last.fm</a>','',256784,48790),(32,'Kendrick Lamar','male','','Kendrick Lamar (born Kendrick Lamar Duckworth June 17, 1987) is a rapper from Compton, California. He is also a member of the hip-hop supergroup Black Hippy collective along with members Jay Rock, Ab-Soul and Schoolboy Q. His music is largely influenced by the works of 2Pac, Jay-Z, Nas and DMX.\n\nHe began to gain major recognition in 2010, after his first retail release, Overly Dedicated. The following year, Lamar independently released his first studio album, Section. <a href=\"https://www.last.fm/music/Kendrick+Lamar\">Read more on Last.fm</a>','United States',76057390,1237699),(33,'P!nk','','','P!nk is a stylisation of Pink, a pseudonym of singer songwriter Alecia Beth Moore (b. 8 Sep 1979, in Doylestown, PA, USA), who gained prominence in early 2000.  She has sold over 16 million albums in the United States, over 43 million worldwide, and has won three Grammy awards.\n\nP!nk began her career as an RnB artist, signed to the predominately urban label, LaFace Records. She has since complained that because she chose to relinquish creative control to her record label <a href=\"https://www.last.fm/music/P%21nk\">Read more on Last.fm</a>','',61700812,2360684),(34,'Jonas Blue','male','','Guy James Robin (b. August 2, 1989), better known by his stage name Jonas Blue, is an English DJ, songwriter, record producer and remixer based in London who produces music which blends dance music with pop sensibilities <a href=\"https://www.last.fm/music/Jonas+Blue\">Read more on Last.fm</a>','United Kingdom',2748155,272865),(35,'Shawn Mendes','male','','Shawn Mendes (born Shawn Peter Raul Mendes; August 8, 1998 in Toronto, Ontario, Canada) is a Canadian singer-songwriter. Since the release of his self-titled The Shawn Mendes EP and his debut single \"Life of the Party\", he has been gaining mainstream success as a singer-songwriter and touring artist.\n\nMendes was born in Toronto, Ontario, Canada and was raised in Pickering, a suburb of the city. He is the son of Karen, a real estate agent, and Manuel Mendes, a businessman. <a href=\"https://www.last.fm/music/Shawn+Mendes\">Read more on Last.fm</a>','Canada',9607899,416696),(36,'Portugal. The Man','','','Portugal. The Man is an experimental indie rock four-piece centered on frontman John Baldwin Gourley’s abstract musical approach and corresponding upbringing. He was raised in a sort of technological isolation: his log cabin home in the winter wasteland of the fringes of Wasilla, Alaska was powered by a generator and had no telephone. Both of his parents helped completely immerse him in the unique lifestyle that comes with a land of seasonal darkness and perpetual cold with their jobs as dog sled mushers. <a href=\"https://www.last.fm/music/Portugal.+The+Man\">Read more on Last.fm</a>','United States',30676502,743139),(37,'David Guetta','male','','David Guetta (born November 7th, 1967 in Paris) is a French DJ.\n\nHe was the pioneer of French house with \"Up & Away,\" a garage-style track with vocals by Robert Owens released in 1994 – really made a name for himself in the mid-90s as one of the key catalysts of Parisian nightlife by promoting evenings at such renowned Paris hot spots as Folies Pigalle, Queen, Bataclan, Palace and Les Bains, where he invited DJ legends like Little Louie Vega, David Morales, DJ Pierre and Roger Sanchez to join him on the turntables. <a href=\"https://www.last.fm/music/David+Guetta\">Read more on Last.fm</a>','France',81981454,2621313),(38,'Hailee Steinfeld','female','','Hailee Steinfeld (December 11, 1996) is an American actress, model and singer. She is known for her portrayal of Mattie Ross in the 2010 film True Grit. She also played Petra Arkanian in the 2013 sci-fi film Ender\'s Game. She portrayed Juliet Capulet in the 2013 film adaptation of William Shakespeare\'s romantic tragedy Romeo & Juliet, Zooey Renner in the 2014 crime film 3 Days to Kill, and Violet in Begin Again. In 2015, she played Emily Junk in the sequel Pitch Perfect 2. <a href=\"https://www.last.fm/music/Hailee+Steinfeld\">Read more on Last.fm</a>','United States',2902152,253831),(39,'Niall Horan','male','','Niall James Horan, known simply as Niall Horan (born 13th September 1993), is a singer-songwriter and musician from Mullingar, Ireland. He is a member of four-piece (former five) boyband, One Direction (formed in 2010). Before he competed in the UK and Ireland singing competition \"The X Factor\", he played numerous gigs around the country including as a support act for Lloyd Daniels (in Dublin). \n\nHe then took up the challenge of applying to the X Factor 2010 whereby he entered as a solo artist. <a href=\"https://www.last.fm/music/Niall+Horan\">Read more on Last.fm</a>','Ireland',1380704,144011),(40,'Maluma','male','reggaeton artist','Juan Luis Londoño Arias (Born January 28, 1994, Medellín, Colombia), is a singer of Colombian nationality. He began his musical career at an early age in his hometown of Medellín, there has developed an established career in Latin America, becoming nominated for several awards from major musical relevance.\n\nPrior to serving as a singer, Maluma started in football, a sport he practiced for eight years in a row, reaching the lower divisions of the equipment Atlético Nacional and La Equidad. <a href=\"https://www.last.fm/music/Maluma\">Read more on Last.fm</a>','Colombia',1423831,97485),(41,'The Chainsmokers','','','The Chainsmokers are a disc jockey/producer duo consisting of Andrew Taggart (born in 1990) and Alex Pall (born in 1985) from New York City, United States. \n\nAndrew Taggart was born in Portland, ME. He was a member of the Love Team. Alex Pall was born in 1985 in New York City. Pall studied art at New York University, while Taggart studied at Syracuse University. In 2012, they came together as a DJ duo. The Chainsmokers formed as electronic dance music producer DJs in 2012 under the management company 4AM in New York City. <a href=\"https://www.last.fm/music/The+Chainsmokers\">Read more on Last.fm</a>','United States',13193875,614135),(42,'Becky G','female','US female rapper','','United States',NULL,NULL),(43,'Jason Derulo','male','','','United States',NULL,NULL),(44,'Rita Ora','female','','Rita Sahatçiu Ora, better known as Rita Ora, is an Albanian-British singer-songwriter from London, UK. Born in Pristina, Kosovo in 1990, Ora\'s family moved to London where she was raised. According to the Hot Right Now Songfacts, during her early teens Ora attended the Sylvia Young Theatre School, whose other notable alumni include Emma Bunton and Amy Winehouse. \n\nHer first UK exposure came after several collaborations with British singer Craig David. <a href=\"https://www.last.fm/music/Rita+Ora\">Read more on Last.fm</a>','United Kingdom',7218560,532624),(45,'Lorde','male','Brazilian artist, album \"Teofagia\"','','',NULL,NULL),(46,'Ozuna','male','','Juan Carlos Ozuna Rosado (San Juan, 13 de marzo de 1992) conocido artísticamente como Ozuna, es un cantante de trap y de reggaetón puertorriqueño.\nOzuna comenzó a componer canciones a la edad de doce años. En el 2014 firmó un contrato de grabación y empezó a publicar sus interpretaciones en YouTube. Al siguiente año, comenzó a ganar popularidad en Latinoamérica por canciones como «Si No Te Quiere», que tuvo un gran éxito en las radios, y realizó múltiples espectáculos musicales por varios países sudamericanos. <a href=\"https://www.last.fm/music/Ozuna\">Read more on Last.fm</a>','Puerto Rico',271242,26683),(47,'CNCO','','','CNCO is a Latin American pop boy band formed in December, 2015, after becoming the winning members of the first season of the La Banda singing competition series created by Simon Cowell and produced by Ricky Martin. The band has toured with Martin and their singles, \"Tan fácil\" and \"Quisiera\", charted well soon after their debut. They released their first album, Primera Cita on August 26, 2016. <a href=\"https://www.last.fm/music/CNCO\">Read more on Last.fm</a>','United States',595271,61798),(48,'Travis Scott','male','','Jacques Webster (born April 30, 1992), better known by his stage name Travis Scott (stylized as Travi$ Scott), is an American hip hop recording artist and record producer from Houston, Texas. He is currently signed to Epic Records and T.I.\'s Grand Hustle imprint, while signed to Kanye West\'s Very GOOD Beats as a producer. He first became widely known for his production and verse on GOOD Music\'s \"Sin City\". His debut EP Owl Pharaoh, was released on May 21, 2013. <a href=\"https://www.last.fm/music/+noredirect/Travis+Scott\">Read more on Last.fm</a>','United States',0,0),(49,'Wisin','male','','Juan Luis Morera Luna, born 19 December 1978 (age 34), is from Cayey, Puerto Rico. Wisin is better known as a rapper and occasional singer of the Reggaetón genre, from Wisin & Yandel duo. <a href=\"https://www.last.fm/music/Wisin\">Read more on Last.fm</a>','Puerto Rico',806132,114018),(50,'Nacho','','','','',NULL,NULL),(51,'Manuel Turizo','male','','The 16-year-old artist has captivated his fans on the Caribbean coast with the single \'Una lady como tú\', which already has official video. Under the seal of one of the strongest record labels in Colombia, Manuel Turizo is in the middle of a media tour with enormous support from an ageless audience, as both boys and adults sing. \"The official video has already been released a few days ago and the remix of the song comes, in addition to many surprises,\" he says. <a href=\"https://www.last.fm/music/Manuel+Turizo\">Read more on Last.fm</a>','Colombia',61588,15660),(52,'Kygo','male','','Kyrre Gørvell-Dahll (born 1991), commonly known by his stage name Kygo, is a Norwegian musician and remixer. \nHe is best known for his remix of the track \"I See Fire\", which has been played 8 million times on Soundcloud and around 40 million times on YouTube. He has accumulated over 80 million views on his music on Soundcloud and YouTube. After a break-through in 2014, Kygo was asked by Coldplay vocalist Chris Martin to create a remix for the song \"Midnight\" <a href=\"https://www.last.fm/music/Kygo\">Read more on Last.fm</a>','Norway',10718980,553307),(53,'Chris Brown','male','experimental composer and musician at Mills College, Oakland CA','There is more than one artist with this name:\n\n1) Christopher Maurice Brown (born May 5, 1989) from Tappahannock, Virginia.\n\nIn late 2005, he released his first studio album, Chris Brown, which spawned the Billboard Hot 100 number-one debut single, \"Run It!\" which was produced by Scott Storch and featured Juelz Santana. The album also produced two other top ten singles: \"Yo (Excuse Me Miss)\" and \"Say Goodbye.\" Brown\'s second studio album, Exclusive was released worldwide in November 2007. <a href=\"https://www.last.fm/music/Chris+Brown\">Read more on Last.fm</a>','United States',44308045,2529016),(54,'Gucci Mane','male','','','Atlanta',NULL,NULL),(55,'Martin Garrix','male','','The new wave of fresh-outta-highschool EDM talent is led by just a handful of pioneers. Martin Garrix can certainly be counted as one of them. Currently being 21 years old, he is recognized as one of the most talented guys out there. He just landed his first record deal and has already been spotted in de studio with Sidney Samson and that other Dutch mega talent Julian Jordan.\nHis first official release \'Keygen\' received great DJ support and ranked <a href=\"https://www.last.fm/music/Martin+Garrix\">Read more on Last.fm</a>','Netherlands',7548052,571536),(56,'OneRepublic','','','','United States',NULL,NULL),(57,'Carlos Vives','male','','','Colombia',NULL,NULL),(58,'James Arthur','male','','James Andrew Arthur (born 1988) is a British singer and musician who won the ninth series of The X Factor in 2012. His debut single, Impossible, was released after the final and debuted at #1 on the UK Singles Chart on 16 December 2012 in its first week of release.\nSince 2005, and prior to his participation in The X Factor, he was a vocalist and guitarist in a number of bands, and later, as a solo artist as well as forming his own The James Arthur Band and James Arthur Project. <a href=\"https://www.last.fm/music/James+Arthur\">Read more on Last.fm</a>','United Kingdom',5435482,368813),(59,'Clean Bandit','','','Clean Bandit are a British electronic group formed in 2009 . The band consists of Jack Patterson (bass guitar, keyboard), Luke Patterson (drums) & Grace Chatto (cello). Their sound can be described as a \"fusion\" between classical and electronial music. They produce their own music whilst inviting guest singers on their tracks.\n\nTo date they have found their biggest hits include Mozart\'s House and the massive UK number one single, \"Rather Be\" with singer Jess Glynne which won the 2015 Grammy for Best Dance Recording\n\n <a href=\"https://www.last.fm/music/Clean+Bandit\">Read more on Last.fm</a>','United Kingdom',11159364,666001),(60,'Bebe Rexha','female','','','United States',NULL,NULL),(61,'Maggie Lindemann','female','','','Los Angeles',NULL,NULL),(62,'Skrillex','male','','','United States',NULL,NULL),(63,'BTS','','','There are multiple artists that use the moniker \'BTS\':\n\n1. 방탄소년단 (Bangtan Sonyeondan), also known as BTS, and in Japanese, 防弾少年団 (Bōdan Shōnendan), (Bangtan Boys) is a seven member South Korean boy group formed by Big Hit Entertainment. While 방탄소년단 and 防弾少年団, the group\'s name in Korean and Japanese, both directly translate to \"bulletproof boy scouts”, on July 4, 2017, BTS officially \"re-branded\" the acronym of BTS to stand for Beyond The Scene. <a href=\"https://www.last.fm/music/BTS\">Read more on Last.fm</a>','United States',8158561,62183),(64,'Kodak Black','','','Dieuson Octave, (born June 11, 1997), better known by his stage name Kodak Black, is an American rapper from Pompano Beach, Florida, United States. <a href=\"https://www.last.fm/music/Kodak+Black\">Read more on Last.fm</a>','',1301469,77111),(65,'DJ Snake','male','French EDM/Trap producer William Grigahcine','William Grigahcine, better known by his stage name DJ Snake, is a French DJ, rapper and producer mixing hip hop and electronic music.\n\nHe is a Grammy-nominated producer and artist who debuted into the international scene with singles \"Bird Machine\" and \"Turn Down for What\" in 2013. \"Bird Machine\" is a collaboration with fellow French act Alesia. The single was picked up by Mad Decent, a Los Angeles-based record label run by Diplo, and released in February 2013. <a href=\"https://www.last.fm/music/DJ+Snake\">Read more on Last.fm</a>','France',5271190,467599),(66,'Chris Jeday','','','<a href=\"https://www.last.fm/music/Chris+Jeday\">Read more on Last.fm</a>','',76031,17125),(67,'Yo Gotti','male','','Mario Mims (born May 19, 1981 in Memphis, Tennessee), better known by his stage name Yo Gotti, is an American rapper signed to Cash Money Records. Formerly known as Lil Yo in the 90\'s, he released his first album, From Da Dope Game 2 Da Rap Game, in 2000. Since then he has released 2001\'s Self-Explanatory, 2003\'s Life, 2006\'s Back 2 Da Basics, 2008\'s Cocaine Muzik, 2009\'s CM2 (Cocaine Muzik 2 hosted by DJ Drama), and The Pyrex King: Street Runnaz Special Edition. <a href=\"https://www.last.fm/music/Yo+Gotti\">Read more on Last.fm</a>','United States',3461682,620970),(68,'Future','','Italian pop group','Future is the name of at least three artists;\n\n1)  Nayvadius DeMun Wilburn, (born November 20, 1983), better known by his stage name Future, is an American rapper, singer, songwriter and record producer from the Kirkwood neighborhood of Atlanta, Georgia.\n\nAfter releasing a series of moderately successful mixtapes between 2010 and 2011, Future signed a major label deal with Epic Records and fellow American rapper Rocko\'s A1 Recordings, which helped launch his own label imprint Freebandz. <a href=\"https://www.last.fm/music/Future\">Read more on Last.fm</a>','Italy',14270763,543664),(69,'Bruno Mars','male','','Peter Gene Hernandez (born October 8, 1985 in Waikiki, Hawaii), better known by his stage name Bruno Mars, is a Filipino-Puerto Rican American singer-songwriter, producer and multi-instrumentalist signed to Atlantic Records. He is most well known for his hit Just The Way You Are, which went #1 in 9 countries in 2010. He is also known for singing/co-writing the hooks for the #1 hit Nothin\' On You by B.o.B, and Billionaire by Travie McCoy; he also co-wrote the international hits Right Round by Flo Rida and Wavin\' Flag by K\'naan. <a href=\"https://www.last.fm/music/Bruno+Mars\">Read more on Last.fm</a>','United States',47900301,1674065),(70,'Cheat Codes','','','Cheat Codes are an American electronic music trio based in Los Angeles, California, consisting of singers and producers Trevor Dahl, Kevin Ford, and Matthew Russell. The group achieved international success with their 2016 single \"Sex\", which samples the chorus from Salt-n-Pepa\'s 1991 hit \"Let\'s Talk About Sex\".\n\nOfficial website - http://www.cheatcodesmusic.com/\nFacebook page - https://www.facebook.com/cheatcodesmusic/\n <a href=\"https://www.last.fm/music/Cheat+Codes\">Read more on Last.fm</a>','Los Angeles',1982282,224604),(71,'Natti Natasha','female','','','Dominican Republic',NULL,NULL),(72,'Alex Sensation','','','','',NULL,NULL),(73,'SZA','female','','Solána Imani Rowe (born November 8, 1990), better known by her stage name SZA (pronounced Sizza), is a singer-songwriter. Rowe was born in St. Louis, Missouri but raised in Maplewood, New Jersey. She released her self-released debut EP, See.SZA.Run in October 2012. \n\nIn April 2013, SZA released her S EP to good critical reviews— in July of that same year, it was announced she was signed to Top Dawg Entertainment and began working on her Z EP, which would eventually become a full-fledged album. <a href=\"https://www.last.fm/music/SZA\">Read more on Last.fm</a>','United States',4885393,189584),(74,'Lil Pump','','','','',NULL,NULL),(75,'Childish Gambino','male','','Donald McKinley Glover (/ˈɡlʌvər/; born September 25, 1983) is an American actor, comedian and musician. As a recording artist, he usually performs with the stage name Childish Gambino. While a disk jockey, he performs as mcDJ. He first came to attention for his work with Derrick Comedy and with the help of Tina Fey, was hired at the age of 21 to become a writer for the NBC comedy series 30 Rock. He later played college student Troy Barnes on the NBC sitcom Community. <a href=\"https://www.last.fm/music/Childish+Gambino\">Read more on Last.fm</a>','United States',37782529,692807),(76,'Zedd','male','','','Germany',NULL,NULL),(77,'Migos','','','Migos is a rap trio-group from Lawrenceville, GA consisting of members Quavo (Quavious Marshall), Offset (Kiari Cephus) and Takeoff (Kirshnik Ball).\n\nOriginally the group started as family, who all had an interest in music. It wasn\'t until 2008 that this trio took their talent seriously, and put together and released their first project \"Juug Season\" in 2011. T​he group later released another mixtape titled \"No Label\" in 2012, which featured \"Bando\", a track that was​ soon labeled a \"dope-boy anthem\".  <a href=\"https://www.last.fm/music/Migos\">Read more on Last.fm</a>','Atlanta',4834249,218923),(78,'Jax Jones','male','','Timucin Fabian Kwong Wah Aluo (born 25 July 1987), known professionally as Jax Jones, is an English multi-instrumentalist, record producer, songwriter and DJ. He is best known for featuring on Duke Dumont\'s 2014 single \"I Got U\", peaking to number one on the UK Singles Chart, and his 2017 single \"You Don\'t Know Me\" featuring Raye. The son of two teachers, Jax grew up in a multi-ethnic household and was exposed to a wealth of influences. After his <a href=\"https://www.last.fm/music/Jax+Jones\">Read more on Last.fm</a>','',962849,135667),(79,'Major Lazer','','','Years after the zombie apocalypse ravaged the galaxy, Major Lazer went into isolation after bringing peace and order to Earth. With the help of a mysterious shadow government called Cinco he was cryogenically frozen as a safeguard for the future’s wellbeing. Despite a great many years of pursuing peace on the planet, a new threat began to loom on the horizon and the commando was brought out of sleep by the Committee of Five. This intergalactic group <a href=\"https://www.last.fm/music/Major+Lazer\">Read more on Last.fm</a>','Kingston',28067617,1097651),(80,'Selena Gomez','female','','Selena Marie Gomez, born July 22, 1992 is an American actress and singer. Having appeared as a child in the children\'s television series Barney & Friends, Gomez rose to fame as the leading role in the Disney Channel series Wizards of Waverly Place (2007–12). Due to the success of the series, Gomez worked on various films, television shows, and musical collaborations for the network in the following years. Gomez also formed her own production company in 2008 <a href=\"https://www.last.fm/music/Selena+Gomez\">Read more on Last.fm</a>','United States',29035784,816575),(81,'Robin Schulz','male','','Robin Schulz (born 28 April 1987) is a German electronic DJ and producer. In 2013, he remixed the song \"Waves\" by Dutch hip hop artist, Mr. Probz. Another equally famous remix was his 2014 remix of the Lilly Wood & the Prick track \"Prayer in C\" from their 2010 album Invincible Friends. Both remixes have charted in many European countries, leading to international recognition. <a href=\"https://www.last.fm/music/Robin+Schulz\">Read more on Last.fm</a>','',5635551,420586),(82,'Farruko','male','','Farruko, Cuyo nombre de pilares Carlos Efrén Reyes Rosado, Nació en Bayamon, Puerto Rico, el 2 de Mayo de 1991.\n\nEste joven cantautor es considerado ya, por los expertos, como el Fenómeno Musical de estos tiempos, por su gran Versatilidad Musical e Interpretativa.\n\nEste Novel Artista Ha Demostrado, Al Mundo, Su Total Dominio En El Género De La Música Urbana (REGUETÓN, RAP, HIP HOP, R & B, DANCE HALL, OTROS), Pero También ha demostrado gran habilidad en otros géneros con influencias Latinas <a href=\"https://www.last.fm/music/Farruko\">Read more on Last.fm</a>','Puerto Rico',669550,75172),(83,'Julia Michaels','female','','Julia Carin Cavazos (born November 13, 1993), known by her stage name Julia Michaels, is an American singer and songwriter. She has collaborated with major artists, such as Demi Lovato, Fifth Harmony, Gwen Stefani, Zedd, Justin Bieber, Jason Derulo, Kelly Clarkson, Selena Gomez, Linkin Park, Kygo, Years & Years, Zara Larsson, Britney Spears, Ed Sheeran, and Ayesha Quraishi. Her debut solo single, \"Issues\", was released in 2017 and peaked at number 12 on the Billboard Hot 100. <a href=\"https://www.last.fm/music/Julia+Michaels\">Read more on Last.fm</a>','United States',1190684,135171),(84,'Katy Perry','female','','Katy Perry (born Katheryn Elizabeth Hudson on 25 October 1984) is a singer/songwriter from Santa Barbara, California, United States. Since the release of her 2007 debut single \"Ur So Gay\", Perry has released four albums - 2008\'s \"One of the Boys\", 2010\'s \"Teenage Dream\", 2013\'s \"Prism\", and 2017\'s \"Witness\".- and has had nine Billboard Hot 100 #1 hit singles.\n\nUnder the name Katy Hudson, she released a self-titled gospel album in 2001, which was unsuccessful. <a href=\"https://www.last.fm/music/Katy+Perry\">Read more on Last.fm</a>','United States',131476234,3596795),(85,'Halsey','female','US singer/songwriter Ashley Frangipane','Ashley Frangipane, known professionally as Halsey is an American singer and songwriter. Her stage name is a reference to the Halsey Street station of the New York City Subway in Brooklyn,and an anagram of her first name.\n\nFrangipane signed her first recording contract with Astralwerks, and released her début EP Room 93 in 2014. Her début studio album Badlands (2015) débuted at number two on the US Billboard 200 and has been certified platinum by the Recording Industry Association of America (RIAA). <a href=\"https://www.last.fm/music/Halsey\">Read more on Last.fm</a>','United States',15825632,373815),(86,'Joey Montana','male','','','Panama City',NULL,NULL),(87,'Playboi Carti','','','Jordan Terrell Carter (born September 13, 1995), better known by his stage name Playboi Carti, is an American rapper from Atlanta, Georgia. His eponymous debut mixtape was released on April 14, 2017. He originally went by the moniker Sir Cartier (stylized as $ir Cartier) when he embarked on his music career in 2011.\n\nHe originally started rapping as Sir Cartier, releasing a mixtape named Young Misfit under the Sir Cartier moniker on November 12, 2012. <a href=\"https://www.last.fm/music/Playboi+Carti\">Read more on Last.fm</a>','',1281274,56828),(88,'Yandel','male','','','Puerto Rico',NULL,NULL),(89,'Drake','','polish sea folk band','Aubrey “Drake” Graham (born October 24, 1986 in Toronto, Ontario) is a Grammy award nominated Canadian actor, rapper and singer signed to Young Money/Universal Motown. Drake shot to global fame upon the release of his critically acclaimed 2009 mixtape So Far Gone and Best I Ever Had, a single from the mixtape which peaked at #2 on the Billboard Hot 100.\n\nDrake\'s music career began in 2006 with the release of his debut mixtape room for improvement. <a href=\"https://www.last.fm/music/Drake\">Read more on Last.fm</a>','Poland',112940675,3149502),(90,'Kesha','female','','','United States',NULL,NULL),(91,'Romeo Santos','male','','','United States',NULL,NULL),(92,'The Weeknd','male','Canadian R&B singer','The Weeknd, the stage name for Abel Tesfaye, is a Canadian singer-songwriter and producer.\nThe Scarborough, Toronto-born singer, songwriter, and producer doesn\'t say much outside of his lyrics or personal messages through his social networking sites. Ever since appearing on the scene in late 2010, he\'s been shrouded in mystery, cultivating a mystique that baffles our gossip-obsessed pop culture. With that said, the 27-year-old alternative R&B phenomenon is an enigma in more ways than one. <a href=\"https://www.last.fm/music/The+Weeknd\">Read more on Last.fm</a>','Canada',59050634,1065941),(93,'A Boogie Wit da Hoodie','male','','<a href=\"https://www.last.fm/music/A+BOOGIE+WIT+DA+HOODIE\">Read more on Last.fm</a>','United States',283261,39982),(94,'Tay-K','','','<a href=\"https://www.last.fm/music/Tay-K\">Read more on Last.fm</a>','',78226,8340),(95,'LANY','','','','United States',NULL,NULL),(96,'Miley Cyrus','female','','Miley Ray Cyrus (born Destiny Hope Cyrus; November 23, 1992 in Nashville, Tennessee, United States) is an American actress and pop singer. She gained fame for her role as Miley Stewart/Hannah Montana on the Disney Channel sitcom Hannah Montana, which began in 2006 and ended in 2010. Cyrus recorded music for the soundtracks Hannah Montana (2006) and Hannah Montana 2/Meet Miley Cyrus (2007), released by Walt Disney Records, which helped establish her as a teen idol. <a href=\"https://www.last.fm/music/Miley+Cyrus\">Read more on Last.fm</a>','Toluca Lake',55444884,1860230),(97,'Harry Styles','male','','','United Kingdom',NULL,NULL),(98,'A$AP Ferg','male','','Darold Ferguson, Jr. (born October 20, 1988), better known by his stage name ASAP Ferg (stylized as A$AP Ferg), is an American hip hop recording artist from New York City\'s Harlem neighborhood. He is a member of the hip hop collective A$AP Mob, from which he adopted his moniker. In January 2013, Ferg signed a solo record deal with Polo Grounds and RCA, the same labels that helped launch A$AP Worldwide, when Ferg\'s A$AP Mob cohorts ASAP Rocky and ASAP Yams, negotiated their own respective deal in 2011. <a href=\"https://www.last.fm/music/A$AP+Ferg\">Read more on Last.fm</a>','United States',4978650,217370),(99,'Sam Hunt','male','US country singer-songwriter','Sam Lowry Hunt (born December 8, 1984 in Cedartown, Georgia, United States) is an American country singer, songwriter and former college football player. He is known for writing singles for Kenny Chesney, Keith Urban, and Billy Currington. In 2014, Hunt signed with MCA Nashville and released his debut album \"Montevallo\", which includes the number 1 Country Airplay hits \"Leave the Night On\" and \"Take Your Time\".\n\nSam Hunt co-wrote Kenny Chesney\'s 2012 hit \"Come Over\", for which he received an ASCAP award. <a href=\"https://www.last.fm/music/Sam+Hunt\">Read more on Last.fm</a>','Nashville',2071179,163500),(100,'Abraham Mateo','male','','','Spain',NULL,NULL),(101,'Zion & Lennox','','','Zion & Lennox are a reggaeton duo from Carolina, Puerto Rico; in late 2010 Zion & Lennox released their 3rd studio album titled Los Verdaderos under Pina Records.\n\nThey have been in the music business for a long time, but had failed to get any recognition for the majority of those years. They had minor hits such as \"Baila Conmigo\" for the 2003 compilation album \"Desafío\" and \"Me Pones Tensión\" for the album The Noise: La Biografía. These hits, along with others in the near future and increased radio play gave them more recognition. <a href=\"https://www.last.fm/music/Zion+&+Lennox\">Read more on Last.fm</a>','Puerto Rico',704360,115061),(102,'Rae Sremmurd','','','Tupelo, Mississippi. It’s the home of Elvis Presley, but even for those clued in on that fun fact, it’s safe to say that few, if any, know much more about the city than that. Nestled in the northeast corner of the Magnolia State, and with a population of just over 35,000, indeed, Tupelo, like most small metropolises, is easy to overlook. Rae Sremmurd - pronounced \"Ray-Shrim-er,\" consisting of real life brothers Slim Jimmy and Swae Lee, and newly <a href=\"https://www.last.fm/music/Rae+Sremmurd\">Read more on Last.fm</a>','United States',4582874,299246),(103,'blackbear','','Singer in \"Lace Up\" by MGK','','',NULL,NULL),(104,'2 Chainz','male','US rapper','Tauheed Epps (born September 12, 1976), better known by his stage name 2 Chainz, formerly known as Tity Boi, is an American rapper from College Park, Georgia. He was first known for being one-half of southern hip hop duo, Playaz Circle. They\'re recognized for being signed to Ludacris\' record label Disturbing tha Peace and their debut single \"Duffle Bag Boy\".\n\nTity Boi AKA 2 Chainz is one half of Playaz Circle along with long time friend Dolla Boy. <a href=\"https://www.last.fm/music/2+Chainz\">Read more on Last.fm</a>','United States',7262329,549664),(105,'Jesse & Joy','','','','Mexico',NULL,NULL),(106,'Young Thug','','','','',NULL,NULL),(107,'Martin Jensen','male','DJ Martin Jensen','<a href=\"https://www.last.fm/music/Martin+Jensen\">Read more on Last.fm</a>','Denmark',1055046,149079),(108,'Karol G','female','Spanish singer','','Spain',NULL,NULL),(109,'Anuel Aa','male','reggaeton artist Emmanuel Gazmey Santiago','<a href=\"https://www.last.fm/music/Anuel+AA\">Read more on Last.fm</a>','Puerto Rico',99270,15424),(110,'Nicky Jam','male','','','Puerto Rico',NULL,NULL),(111,'KYLE','','Probably Houston Rapper','There is more than one artist with this name:\n\n1) KYLE is quickly becoming one of the hottest names in the hip-hop scene. The young rapper will drop his debut album, Beautiful Loser, on August 5. He has spent the past year working on and perfecting this album, resulting in a record full of personality and passion, with his playful flows covering a wide variety of styles. \n\n\n2) Kyle is a three-piece math rock band from Cincinnati.  They blend heavy rock rhythms with jumpy guitars, complex chords, and simple melodies. <a href=\"https://www.last.fm/music/KYLE\">Read more on Last.fm</a>','',887105,98526),(112,'Daddy Yankee','male','','','Puerto Rico',NULL,NULL),(113,'Piso 21','','','','Colombia',NULL,NULL),(114,'Fall Out Boy','','US pop-punk band','Fall Out Boy is a band formed in 2001 in Glenview, Illinois after good friends Joe Trohman and Pete Wentz met high schooler Patrick Stump. Stump originally auditioned as a drummer, but soon became the lead singer. The following year, the band debuted with a self-released demo and followed it up with the May 28, 2002 release of Split EP, which featured Project Rocket, on Uprising Records. The group released a mini-LP, Evening Out With Your Girlfriend, also on Uprising Records, in 2003. <a href=\"https://www.last.fm/music/Fall+Out+Boy\">Read more on Last.fm</a>','United States',136423476,2589915),(115,'Shakira','','German trance duo','Shakira Isabel Mebarak Ripoll (born February 2, 1977), known simply as Shakira, is a Grammy-award winning Colombian singer-songwriter, musician, composer, record producer, music-video director, dancer, choreographer, model, game creative director, businesswoman, multi instrumentalist and philanthropist  who has sold over eighty million albums worldwide. She has won two Grammy awards, ten Latin Grammy awards, seven Billboard Music Awards, twenty-seven Latin Billboard Awards and has been nominated for a Golden Globe. <a href=\"https://www.last.fm/music/Shakira\">Read more on Last.fm</a>','Germany',63469018,2218574),(116,'The Script','','','','London',NULL,NULL),(117,'Thomas Rhett','male','','Thomas Rhett Akins, Jr. (born in Valdosta, Georgia) is an American country music singer known professionally as Thomas Rhett. He is the son of singer-songwriter Rhett Akins.[1]\nHere is some background information on Thomas Rhett from the Something To Do With My Hands Songfacts. Thomas Rhett grew up in the music industry by means of his singer-songwriter father Rhett Akins. Whilst studying business and communications at Lipscomb University in Nashville, Rhett formed a cover band and began playing frat parties and other gigs they could get. <a href=\"https://www.last.fm/music/Thomas+Rhett\">Read more on Last.fm</a>','United States',1615328,131373),(118,'R3HAB','male','Dutch Tech-House/Minimal DJ & producer Fadil El Ghoul','','Netherlands',NULL,NULL),(119,'Starley','female','Australian singer/songwriter','','Australia',NULL,NULL),(120,'Sigala','male','Electronic','Bruce Fielder (born 28 November 1992), known professionally as Sigala, is a British DJ, record producer and remixer from Norfolk. He is best known for his 2015 debut single \"Easy Love\", which samples \"ABC\" by the the Jackson 5. It debuted at number 71 on the UK Singles Chart on 4 September 2015 and jumped to number one the next week. His follow-up single, \"Sweet Lovin\'\", reached number 3 in the UK Singles Chart. His next single \"Say You Do\", which features Imani and DJ Fresh <a href=\"https://www.last.fm/music/Sigala\">Read more on Last.fm</a>','',1988250,211346),(121,'Eminem','male','','Marshall Bruce Mathers III (born October 17, 1972),  better known by his stage name Eminem/Slim Shady is an American rapper and record producer.  Eminem learned his trade while growing up in Detroit, United States, and quickly gained popularity in 1999 with his major-label album, The Slim Shady LP, which won a Grammy Award for Best Rap Album. The following album, The Marshall Mathers LP, became the fastest-selling solo album in the United States history. <a href=\"https://www.last.fm/music/Eminem\">Read more on Last.fm</a>','Detroit',179387844,4307726),(122,'Alan Walker','male','Norwegian producer','Alan Walker (born Alan Olav Walker, 24 August 1997 in Northampton, England, United Kingdom) is a British-Norwegian record producer. He recorded electronic dance music single \"Faded\" and his song released on NoCopyrightSounds, \"Fade\". <a href=\"https://www.last.fm/music/Alan+Walker\">Read more on Last.fm</a>','Norway',4166388,286584),(123,'Metro Boomin','male','','Leland Wayne (born September 16, 1993), professionally known as Metro Boomin (also known as Metro and Metro Beatz), is an American record producer and songwriter from St. Louis, Missouri, and now based in Atlanta, Georgia. Metro is best known for producing instrumentals for rappers such as Future, Ludacris, Migos, Young Thug, Travi$ Scott, Meek Mill, Nicki Minaj and Wiz Khalifa, among others. <a href=\"https://www.last.fm/music/Metro+Boomin\">Read more on Last.fm</a>','United States',147397,25993),(124,'Big Sean','male','','Sean Michael Leonard Anderson, (born March 25, 1988 in Detroit, Michigan), better known by his stage name Big Sean, is an American rapper signed to Kanye West\'s G.O.O.D Music and Island Def Jam. In 2005 he met West at a radio station, and after being impressed with Sean\'s obvious talents he signed him in 2007. So far he has released three mixtapes, 2007\'s Finally Famous, 2009\'s UKnowBigSean, and 2010\'s BIG. His debut album, Finally Famous, was released in June 2011 and featured guest appearances from hip hop superstars Kanye West <a href=\"https://www.last.fm/music/Big+Sean\">Read more on Last.fm</a>','Detroit',15964606,1342848),(125,'Astrid S','female','','Astrid S (also known by her full name Astrid Smeplass or just Astrid) is a Norwegian singer. She placed number five in the Norwegian version of the reality television show Pop Idol in 2013.\n\n\nGrowing up in a small town (Berkåk, Norway), Astrid got into music at an early age and at six she started to play the piano. Not long after she was also playing several instruments, in addition to sing and write songs. At the age of 16 she participated in the Norwegian version of Pop Idol in 2013. <a href=\"https://www.last.fm/music/Astrid+S\">Read more on Last.fm</a>','Norway',1295552,154156),(126,'ItaloBrothers','','','Italobrothers is a German dance project from Nordhorn (Lower Saxony), Germany formed in November 2005. The band consists of the three members   Zacharias Adrian, Kristian Sandberg and Matthias Metten (vocals). Because of their name, Italobrothers are often mistaken as  Italian.\n\nTheir record label is Zooland Records, which also houses stars like Cascada and Tune Up!. The musical style of Italobrothers is comparable with Italian dance acts   like Bloom 06, Prezioso feat. <a href=\"https://www.last.fm/music/Italobrothers\">Read more on Last.fm</a>','Germany',2595406,227338),(127,'Dimitri Vegas & Like Mike','','duo','','Belgium',NULL,NULL),(128,'The Killers','','American rock band','There are at least five artists which use, or have used, this name:\n1) an American rock band from Las Vegas, Nevada, formed in 2001\n2) a Uruguayan rock band from the early 1970s\n3) an American hardcore band from Chicago, IL, from the 1990s\n4) an American band from Cleveland, Ohio, from the 1980s\n5) a British punk rock band from the 1970s\n6) An American doo wop group from the 1950s\n\n1. The Killers is an American rock band from Las Vegas, Nevada, formed in 2001 and consist of Brandon Flowers (vocals <a href=\"https://www.last.fm/music/The+Killers\">Read more on Last.fm</a>','United States',197847912,4286086),(129,'Ariana Grande','female','','','United States',NULL,NULL),(130,'Coldplay','','','Coldplay is a British alternative rock band, formed in London, United Kingdom in 1997. The band comprises vocalist and pianist Chris Martin, lead guitarist Jonny Buckland – who met each other in September 1996 at Ramsay Hall (halls of residence) at University College London - bassist Guy Berryman and drummer Will Champion.\n\nNot only have Coldplay had 7 highly successful studio album releases (all of which reached #1 on the UK album chart) - with their latest 7th studio album released on December 4 <a href=\"https://www.last.fm/music/Coldplay\">Read more on Last.fm</a>','United Kingdom',345816372,5224699);
/*!40000 ALTER TABLE `artist` ENABLE KEYS */;
UNLOCK TABLES;
/*!40103 SET TIME_ZONE=@OLD_TIME_ZONE */;

/*!40101 SET SQL_MODE=@OLD_SQL_MODE */;
/*!40014 SET FOREIGN_KEY_CHECKS=@OLD_FOREIGN_KEY_CHECKS */;
/*!40014 SET UNIQUE_CHECKS=@OLD_UNIQUE_CHECKS */;
/*!40101 SET CHARACTER_SET_CLIENT=@OLD_CHARACTER_SET_CLIENT */;
/*!40101 SET CHARACTER_SET_RESULTS=@OLD_CHARACTER_SET_RESULTS */;
/*!40101 SET COLLATION_CONNECTION=@OLD_COLLATION_CONNECTION */;
/*!40111 SET SQL_NOTES=@OLD_SQL_NOTES */;

-- Dump completed on 2017-09-29 11:30:00
